{"cameraMode":{"drawMode":0,"name":"Shaded","section":"Shading Mode"},"sceneLighting":true,"audioPlay":false,"sceneViewState":{"showFog":true,"showMaterialUpdate":false,"showSkybox":true,"showFlares":true,"showImageEffects":true,"showParticleSystems":true},"in2DMode":false,"pivot":{"x":-0.18912512063980103,"y":1.690000057220459,"z":0.0},"rotation":{"x":-0.00531788682565093,"y":0.9824053049087524,"z":-0.02831079624593258,"w":-0.18455816805362702},"size":3.6161043643951418,"orthographic":false}